{
  "model": "excelformer",
  "ratios": [
    0.05,
    0.1,
    0.15,
    0.2,
    0.25,
    0.3,
    0.35,
    0.4,
    0.45,
    0.5,
    0.55,
    0.6,
    0.65,
    0.7,
    0.75,
    0.8
  ],
  "none_aucs": [
    0.9448097802840592,
    0.9563653904410805,
    0.9664200672351072,
    0.9727807047078372,
    0.9796526182486103,
    0.9843930675272393,
    0.9856454137444357,
    0.9898704077425895,
    0.9898302624478775,
    0.9896322257755518,
    0.9899999999999997,
    0.9899999999999997,
    0.9899999999999997,
    0.9899999999999997,
    0.9899999999999997,
    0.9899999999999997
  ],
  "columnwise_aucs": [
    0.9545650975968492,
    0.9664132911129958,
    0.9750172333597801,
    0.9802993991608855,
    0.9857243281566823,
    0.9907277545379222,
    0.9892836824063975,
    0.9939486822622579,
    0.9933841779028455,
    0.9948742713578687,
    0.9923909601561756,
    0.9881515997110382,
    0.991161580125425,
    0.9895822559964946,
    0.9891854235545431,
    0.9925678755495932
  ],
  "gains_percent": [
    1.032516546331373,
    1.050634074836309,
    0.8895889495826648,
    0.7729074411798147,
    0.6197819303465794,
    0.6435119485954284,
    0.36912551017106154,
    0.4120008526135161,
    0.35904291774016284,
    0.5296963301906241,
    0.24151112688645493,
    -0.18670709989510043,
    0.11733132580053864,
    -0.042196363990406806,
    -0.08228044903601738,
    0.2593813686458173
  ],
  "metadata": {
    "n_datasets": 20,
    "n_seeds": 20,
    "avg_auc_none": 0.9812124961346491,
    "avg_auc_columnwise": 0.9854548508092347,
    "avg_gain_percent": 0.4366154006249262
  }
}