{
  "model": "fttransformer",
  "ratios": [
    0.05,
    0.1,
    0.15,
    0.2,
    0.25,
    0.3,
    0.35,
    0.4,
    0.45,
    0.5,
    0.55,
    0.6,
    0.65,
    0.7,
    0.75,
    0.8
  ],
  "none_aucs": [
    0.9474955168596166,
    0.9579578531561446,
    0.9682826627830826,
    0.9786222383552762,
    0.9843782980352309,
    0.9861063236744189,
    0.989556172701438,
    0.9892337328398076,
    0.9899259350550823,
    0.9899999999999997,
    0.9899999999999997,
    0.9899999999999997,
    0.9899999999999997,
    0.9899999999999997,
    0.9899999999999997,
    0.9899999999999997
  ],
  "columnwise_aucs": [
    0.9592072493925669,
    0.9691117244432681,
    0.9765597233819927,
    0.9865759641870071,
    0.9889033474123433,
    0.993352456002081,
    0.9971600353467606,
    0.9936679375870205,
    0.9935502334738553,
    0.9944457941001369,
    0.9911636213990617,
    0.9920694726950222,
    0.9884718196196778,
    0.993261231604027,
    0.9953988648598255,
    0.9873736497014614
  ],
  "gains_percent": [
    1.2360726066301224,
    1.1643384153462832,
    0.8548186306589217,
    0.8127473012567523,
    0.45968601564501865,
    0.7348226204109183,
    0.7684114207043321,
    0.4482464153829009,
    0.366118139795107,
    0.4490701111249734,
    0.11753751505676865,
    0.20903764596187444,
    -0.15436165457796724,
    0.32941733374013743,
    0.5453398848308971,
    -0.26528790894326315
  ],
  "metadata": {
    "n_datasets": 20,
    "n_seeds": 20,
    "avg_auc_none": 0.9825974208412559,
    "avg_auc_columnwise": 0.9875170703253817,
    "avg_gain_percent": 0.5047509058139861
  }
}