{
  "model": "resnet",
  "ratios": [
    0.05,
    0.1,
    0.15,
    0.2,
    0.25,
    0.3,
    0.35,
    0.4,
    0.45,
    0.5,
    0.55,
    0.6,
    0.65,
    0.7,
    0.75,
    0.8
  ],
  "none_aucs": [
    0.9519287394009656,
    0.9608306636619315,
    0.9751933454466035,
    0.9812168401541312,
    0.9860920121654875,
    0.9874762998041018,
    0.9897059504359953,
    0.9888895631520299,
    0.9899999999999997,
    0.9899999999999997,
    0.9899999999999997,
    0.9899999999999997,
    0.9899999999999997,
    0.9899999999999997,
    0.9899999999999997,
    0.9899999999999997
  ],
  "columnwise_aucs": [
    0.9639021547953389,
    0.9712099762121346,
    0.9841159677754037,
    0.9903206790799658,
    0.9924286845221986,
    0.9948116100978878,
    0.9937233726060203,
    0.9930455761369481,
    0.9953023132178057,
    0.995917559635302,
    0.9898633448122129,
    0.9946812910363734,
    0.9915180205208243,
    0.988575665420546,
    0.9913318400828937,
    0.9927897314054521
  ],
  "gains_percent": [
    1.2578058523485744,
    1.080243683173609,
    0.914959312474995,
    0.9278111171027704,
    0.6426045722442849,
    0.7428340604469371,
    0.4059207856894456,
    0.42027068944596113,
    0.5355871937177834,
    0.5977332964951904,
    -0.013803554321890524,
    0.47285768044178944,
    0.1533354061439005,
    -0.1438721797427959,
    0.1345293013024241,
    0.2817910510558048
  ],
  "metadata": {
    "n_datasets": 20,
    "n_seeds": 20,
    "avg_auc_none": 0.9838333383888277,
    "avg_auc_columnwise": 0.9889711117098318,
    "avg_gain_percent": 0.525663016751174
  }
}