{
  "model": "scarf",
  "ratios": [
    0.05,
    0.1,
    0.15,
    0.2,
    0.25,
    0.3,
    0.35,
    0.4,
    0.45,
    0.5,
    0.55,
    0.6,
    0.65,
    0.7,
    0.75,
    0.8
  ],
  "none_aucs": [
    0.9630263229989909,
    0.9762298164382729,
    0.9854801542367101,
    0.9868627243462351,
    0.9887924051627582,
    0.9899999999999997,
    0.9899999999999997,
    0.9899999999999997,
    0.9899999999999997,
    0.9899999999999997,
    0.9899999999999997,
    0.9899999999999997,
    0.9899999999999997,
    0.9899999999999997,
    0.9899999999999997,
    0.9899999999999997
  ],
  "columnwise_aucs": [
    0.9765298329265117,
    0.9882113779879071,
    0.9958915869914762,
    0.9961143036770537,
    0.9942570307845704,
    0.9970529590811932,
    0.9943102374881441,
    0.996381675699481,
    0.9934849649460574,
    0.9931007223942082,
    0.9927897229594252,
    0.9874157607382003,
    0.9918975496047533,
    0.9931728006415901,
    0.9864815422275124,
    0.9945746023215902
  ],
  "gains_percent": [
    1.4021953092070316,
    1.227330014703751,
    1.0564832493080605,
    0.9374737846084341,
    0.5526565124569969,
    0.7124201092114671,
    0.43537752405499086,
    0.6446137070183171,
    0.3520166612179564,
    0.31320428224328845,
    0.28179019792177673,
    -0.26103426886862674,
    0.19167167724784193,
    0.32048491329196205,
    -0.3553997749987144,
    0.4620810425849063
  ],
  "metadata": {
    "n_datasets": 20,
    "n_seeds": 20,
    "avg_auc_none": 0.9868994639489352,
    "avg_auc_columnwise": 0.9919791669043547,
    "avg_gain_percent": 0.51708530882559
  }
}