{
  "model": "subtab",
  "ratios": [
    0.05,
    0.1,
    0.15,
    0.2,
    0.25,
    0.3,
    0.35,
    0.4,
    0.45,
    0.5,
    0.55,
    0.6,
    0.65,
    0.7,
    0.75,
    0.8
  ],
  "none_aucs": [
    0.9646125545528792,
    0.9785736259405515,
    0.9859138399010972,
    0.9887280806899957,
    0.9899072723351352,
    0.9899999999999997,
    0.9899999999999997,
    0.9899999999999997,
    0.9899999999999997,
    0.9899999999999997,
    0.9899999999999997,
    0.9899999999999997,
    0.9899999999999997,
    0.9899999999999997,
    0.9899999999999997,
    0.9899999999999997
  ],
  "columnwise_aucs": [
    0.9786132106746781,
    0.9928596836590448,
    0.9979169466629273,
    0.9969768869353006,
    0.9975763595327469,
    0.9965715580742092,
    0.9962116903936344,
    0.9946942522584774,
    0.99344374677967,
    0.9961396232946932,
    0.993654938101848,
    0.9935821981558381,
    0.9899049527334658,
    0.9927725247533072,
    0.9921749615663229,
    0.9899376039281135
  ],
  "gains_percent": [
    1.4514279391987117,
    1.4598858317648047,
    1.2174600128378603,
    0.8342846133740185,
    0.7747278368327147,
    0.6637937448696472,
    0.6274434741045238,
    0.4741668947957324,
    0.347853210067707,
    0.620163969160963,
    0.3691856668533698,
    0.3618381975594435,
    -0.00960073399331973,
    0.2800530053846043,
    0.2196930875073982,
    -0.00630263352385695
  ],
  "metadata": {
    "n_datasets": 20,
    "n_seeds": 20,
    "avg_auc_none": 0.9873584608387285,
    "avg_auc_columnwise": 0.9933144460940173,
    "avg_gain_percent": 0.6053796322996452
  }
}