{
  "model": "tabm",
  "ratios": [
    0.05,
    0.1,
    0.15,
    0.2,
    0.25,
    0.3,
    0.35,
    0.4,
    0.45,
    0.5,
    0.55,
    0.6,
    0.65,
    0.7,
    0.75,
    0.8
  ],
  "none_aucs": [
    0.9738544055979901,
    0.9804711908119339,
    0.9874385428370086,
    0.9890886314473214,
    0.9899999999999997,
    0.9899999999999997,
    0.9899999999999997,
    0.9899999999999997,
    0.9899999999999997,
    0.9899999999999997,
    0.9899999999999997,
    0.9899999999999997,
    0.9899999999999997,
    0.9899999999999997,
    0.9899999999999997,
    0.9899999999999997
  ],
  "columnwise_aucs": [
    0.9886722928720075,
    0.9953196949366815,
    0.997008094744474,
    0.9982400120981166,
    0.9979280680861518,
    0.9969298167097207,
    0.9954556757615929,
    0.998352443992775,
    0.9943313292642258,
    0.9942836079228844,
    0.9931464544750739,
    0.9881304546161838,
    0.993108047130389,
    0.9943699411101227,
    0.987293699898065,
    0.9923298131193052
  ],
  "gains_percent": [
    1.5215711084572858,
    1.514425335888906,
    0.9691288614247501,
    0.9252336302161448,
    0.8008149581971817,
    0.6999814858304081,
    0.5510783597568917,
    0.8436812113914498,
    0.4375080064874942,
    0.4326876689782563,
    0.3178236843509317,
    -0.18884296806221176,
    0.3139441545847848,
    0.44140819294171835,
    -0.27336364666006296,
    0.23533465851571517
  ],
  "metadata": {
    "n_datasets": 20,
    "n_seeds": 20,
    "avg_auc_none": 0.9881782981683906,
    "avg_auc_columnwise": 0.9940562154211106,
    "avg_gain_percent": 0.5964009188937277
  }
}