{
  "model": "tabnet",
  "ratios": [
    0.05,
    0.1,
    0.15,
    0.2,
    0.25,
    0.3,
    0.35,
    0.4,
    0.45,
    0.5,
    0.55,
    0.6,
    0.65,
    0.7,
    0.75,
    0.8
  ],
  "none_aucs": [
    0.9545104354344703,
    0.9682463344810197,
    0.9753467216158495,
    0.9817515546990172,
    0.9849407816519313,
    0.9887779594351143,
    0.9890959773970973,
    0.9898030941421071,
    0.9898178106418257,
    0.9899999999999997,
    0.9899999999999997,
    0.9899999999999997,
    0.9899999999999997,
    0.9899999999999997,
    0.9899999999999997,
    0.9899999999999997
  ],
  "columnwise_aucs": [
    0.9680008445571792,
    0.9797009714190729,
    0.9839377178067584,
    0.9904170569467073,
    0.9901950252620015,
    0.9953339264421972,
    0.9953331775206206,
    0.9954314625075826,
    0.9942520910751769,
    0.9955733592473048,
    0.993498553970945,
    0.9874204054474486,
    0.9922659484604912,
    0.9940476826524588,
    0.9885080598343545,
    0.9924795647340552
  ],
  "gains_percent": [
    1.4133328062116275,
    1.1830292075614046,
    0.8808145862915636,
    0.8826573491240138,
    0.5334578187795058,
    0.6630373325502062,
    0.6305960458900103,
    0.568635155697691,
    0.4479895578435624,
    0.5629655805358765,
    0.3533892899944789,
    -0.2605651063182909,
    0.22888368287793456,
    0.4088568335817314,
    -0.15070102683284184,
    0.25046108424803326
  ],
  "metadata": {
    "n_datasets": 20,
    "n_seeds": 20,
    "avg_auc_none": 0.9845181668436518,
    "avg_auc_columnwise": 0.9897747404927721,
    "avg_gain_percent": 0.5373025123772817
  }
}