{
  "model": "tabtransformer",
  "ratios": [
    0.05,
    0.1,
    0.15,
    0.2,
    0.25,
    0.3,
    0.35,
    0.4,
    0.45,
    0.5,
    0.55,
    0.6,
    0.65,
    0.7,
    0.75,
    0.8
  ],
  "none_aucs": [
    0.9594444961219347,
    0.9703012277369399,
    0.9776263974616051,
    0.9870167708394115,
    0.9881281513889377,
    0.9898913083800839,
    0.9899266061588217,
    0.9899840650174271,
    0.9899104942473865,
    0.9899999999999997,
    0.9899999999999997,
    0.9899999999999997,
    0.9899999999999997,
    0.9899999999999997,
    0.9899999999999997,
    0.9899999999999997
  ],
  "columnwise_aucs": [
    0.9720620882257517,
    0.9826450061917857,
    0.9867313098450732,
    0.9965930289496742,
    0.9951498044544653,
    0.9933093250390865,
    0.9948343879523902,
    0.9938701791347443,
    0.9971617239078956,
    0.994548065309019,
    0.9931350133765464,
    0.9913668287482338,
    0.9894595356006232,
    0.993793965240811,
    0.9907998900277454,
    0.9888155117806294
  ],
  "gains_percent": [
    1.3150934894949264,
    1.272159418331927,
    0.9313284100254355,
    0.9702224311871092,
    0.7106014595027769,
    0.3452921174341955,
    0.49577228887826763,
    0.3925430978779238,
    0.7325136669070327,
    0.459400536264576,
    0.31666801783300597,
    0.13806350992263924,
    -0.05459236357338331,
    0.3832288122031643,
    0.0807969724995677,
    -0.11964527468386144
  ],
  "metadata": {
    "n_datasets": 20,
    "n_seeds": 20,
    "avg_auc_none": 0.9857643448345341,
    "avg_auc_columnwise": 0.9908922289865296,
    "avg_gain_percent": 0.5230904118815815
  }
}