{
  "model": "trompt",
  "ratios": [
    0.05,
    0.1,
    0.15,
    0.2,
    0.25,
    0.3,
    0.35,
    0.4,
    0.45,
    0.5,
    0.55,
    0.6,
    0.65,
    0.7,
    0.75,
    0.8
  ],
  "none_aucs": [
    0.9611133573806077,
    0.9729785563755371,
    0.9812120135541601,
    0.9865444688984402,
    0.9884403083101203,
    0.9898121840206201,
    0.9895863753175513,
    0.9899999999999997,
    0.9899999999999997,
    0.9899999999999997,
    0.9899999999999997,
    0.9899999999999997,
    0.9899999999999997,
    0.9899999999999997,
    0.9899999999999997,
    0.9899999999999997
  ],
  "columnwise_aucs": [
    0.9758266110846117,
    0.98690993736635,
    0.9916169833309407,
    0.9955324082253748,
    0.9942916521594507,
    0.9967546139701705,
    0.9942604230338313,
    0.9929854543440394,
    0.9956379231861441,
    0.99507691325874,
    0.989113844659852,
    0.9925356773370945,
    0.9933599459440046,
    0.9876253501434542,
    0.9910698645278326,
    0.9907934125626804
  ],
  "gains_percent": [
    1.5308551890385862,
    1.4318281630695957,
    1.06042013683583,
    0.9110526296873811,
    0.5919774618797264,
    0.7013886130750825,
    0.47232336993121243,
    0.30156104485249907,
    0.5694871905196388,
    0.5128195210848869,
    -0.08951064041895836,
    0.25612902394897086,
    0.33938847919241477,
    -0.23986362187327806,
    0.10806712402353291,
    0.08014268309906353
  ],
  "metadata": {
    "n_datasets": 20,
    "n_seeds": 20,
    "avg_auc_none": 0.9862304539910647,
    "avg_auc_columnwise": 0.9914619384459107,
    "avg_gain_percent": 0.5336291479966366
  }
}