{
  "model": "vime",
  "ratios": [
    0.05,
    0.1,
    0.15,
    0.2,
    0.25,
    0.3,
    0.35,
    0.4,
    0.45,
    0.5,
    0.55,
    0.6,
    0.65,
    0.7,
    0.75,
    0.8
  ],
  "none_aucs": [
    0.9709499253467391,
    0.9804246288424097,
    0.9881993015426515,
    0.989335665452802,
    0.9899999999999997,
    0.9899999999999997,
    0.9899999999999997,
    0.9899999999999997,
    0.9899999999999997,
    0.9899999999999997,
    0.9899999999999997,
    0.9899999999999997,
    0.9899999999999997,
    0.9899999999999997,
    0.9899999999999997,
    0.9899999999999997
  ],
  "columnwise_aucs": [
    0.9862847288509645,
    0.9928186979342615,
    1.000460555155747,
    0.9991506162638079,
    0.9985003705039028,
    0.9964371667727374,
    0.9952687655005062,
    0.9953277825969549,
    0.9961714823046274,
    0.9953670646147577,
    0.9894818529746108,
    0.9919763862488494,
    0.9930316967558459,
    0.9896169871449183,
    0.9898812486352362,
    0.9907702952704789
  ],
  "gains_percent": [
    1.579360902545946,
    1.264153176821509,
    1.2407672818585165,
    0.9920748997271489,
    0.8586232832225433,
    0.650218865933107,
    0.5321985354047062,
    0.5381598582783043,
    0.623382050972497,
    0.5421277388644445,
    -0.052338083372614363,
    0.19963497463129004,
    0.30623199554002506,
    -0.038688167179934854,
    -0.011995087349845428,
    0.07780760307870978
  ],
  "metadata": {
    "n_datasets": 20,
    "n_seeds": 20,
    "avg_auc_none": 0.9880568450740373,
    "avg_auc_columnwise": 0.9937841060955128,
    "avg_gain_percent": 0.581357489311022
  }
}